time_ms,scenario,mo_win100
208,0,24
308,0,12
408,0,16
508,0,16
608,0,20
708,0,16
808,0,24
908,0,12
1008,0,16
1108,0,28
1208,0,12
1308,0,24
1408,0,16
1508,0,16
1608,0,20
1708,0,12
1808,0,32
1912,0,28
2012,0,8
2112,0,12
2212,0,20
2312,0,16
2412,0,24
2512,0,16
2612,0,12
2712,0,16
2812,0,20
2912,0,16
3012,0,24
3112,0,36
3212,0,24
3312,0,28
3412,0,20
3512,0,12
3612,0,16
3712,0,20
3812,0,20
3912,0,12
4012,0,16
4112,0,16
4212,0,20
4312,0,16
4416,0,12
4516,0,16
4616,0,24
4716,0,24
4816,0,24
4916,0,20
5016,0,20
5116,0,28
5216,0,16
5316,0,28
5420,0,16
5520,0,20
5620,0,24
5720,0,20
5820,0,20
5920,0,16
6020,0,32
6120,0,16
6220,0,16
6320,0,12
6420,0,20
6520,0,16
6620,0,16
6720,0,16
6820,0,28
6920,0,16
7020,0,16
7120,0,16
7220,0,24
7320,0,16
7420,0,20
7520,0,16
7620,0,16
7720,0,32
7820,0,16
7920,0,28
8020,0,20
8120,0,24
8220,0,12
8320,0,16
8420,0,20
8520,0,16
8620,0,24
8720,0,20
8820,0,20
8924,0,12
9024,0,12
9124,0,24
9224,0,20
9324,0,24
9424,0,20
9524,0,20
9624,0,20
9724,0,20
9824,0,16
9924,0,28
10024,0,12
10124,0,16
10228,0,24
10328,0,20
10428,0,16
10528,0,32
10628,0,24
10728,0,20
10828,0,24
10928,0,28
11028,0,20
11128,0,20
11228,0,28
11328,0,12
11428,0,20
11528,0,20
11628,0,24
11728,0,16
11828,0,12
11928,0,20
12028,0,32
12128,0,12
12228,0,28
12328,0,24
12428,0,16
12528,0,16
12632,0,20
12732,0,36
12832,0,16
12932,0,28
13032,0,20
13132,0,12
13232,0,20
13332,0,24
13432,0,24
13532,0,20
13632,0,20
13732,0,16
13832,0,20
13932,0,12
14032,0,24
14132,0,16
14232,0,20
14332,0,28
14432,0,20
14532,0,20
14632,0,20
14732,0,24
14832,0,16
14932,0,24
15032,0,16
15132,0,20
15232,0,16
15332,0,28
15432,0,24
15532,0,24
15632,0,20
15732,0,20
15832,0,20
15932,0,20
16040,0,124
16140,0,128
16240,0,24
16344,0,28
16444,0,40
16544,0,36
16644,0,24
16744,0,32
16844,0,28
16944,0,20
17044,0,28
17144,0,28
17244,0,24
17344,0,28
17444,0,32
17548,0,36
17648,0,28
17748,0,24
17848,0,32
17948,0,28
18048,0,40
18148,0,20
18248,1,40
18348,1,32
18448,1,24
18548,1,32
18648,1,44
18748,1,28
18848,1,20
18948,1,44
19048,1,28
19148,1,40
19248,1,20
19348,1,12
19448,1,24
19548,1,16
19648,1,20
19748,1,32
19848,1,12
19948,1,28
20052,1,24
20152,1,32
20252,1,32
20352,1,40
20452,1,32
20552,1,28
20652,1,40
20752,1,36
20852,1,44
20952,1,16
21052,1,24
21152,1,20
21252,1,36
21352,1,28
21456,1,24
21556,1,24
21656,1,32
21756,1,40
21856,1,24
21956,1,36
22056,1,40
22156,1,28
22256,1,40
22356,1,20
22456,1,40
22556,1,24
22656,1,28
22756,1,36
22856,1,20
22956,1,32
23056,1,28
23156,1,36
23256,1,36
23356,1,16
23460,1,44
23560,1,36
23660,1,28
23764,1,40
23864,1,40
23964,1,40
24064,1,28
24164,1,36
24264,1,20
24364,1,36
24464,1,32
24564,1,24
24664,1,36
24764,1,36
24868,1,24
24968,1,20
25068,1,28
25168,1,24
25268,1,28
25368,1,36
25468,1,44
25568,1,40
25668,1,40
25768,1,28
25868,1,36
25968,1,36
26068,1,32
26168,1,28
26268,1,40
26368,1,24
26468,1,40
26568,1,44
26668,1,36
26772,1,28
26872,1,32
26972,1,28
27072,1,32
27172,1,36
27272,1,40
27372,1,36
27476,1,20
27576,1,44
27676,1,28
27776,1,20
27876,1,24
27976,1,28
28076,1,28
28176,1,44
28276,1,20
28376,1,36
28476,1,20
28576,1,40
28676,1,24
28776,1,16
28876,1,24
28976,1,24
29076,1,32
29176,1,28
29276,1,12
29376,1,36
29476,1,32
29576,1,28
29676,1,24
29776,1,36
29876,1,16
29976,1,28
30076,1,40
30176,1,24
30276,1,20
30376,1,24
30476,1,24
30576,1,36
30680,1,28
30780,1,24
30880,1,24
30980,1,36
31080,1,28
31184,1,24
31284,1,24
31384,1,24
31484,1,40
31584,1,36
31684,1,28
31784,1,32
31884,1,40
31984,1,40
32084,1,32
32184,1,52
32284,1,24
32384,1,28
32484,1,24
32584,1,40
32684,1,28
32784,1,36
32884,1,28
32984,1,36
33084,1,48
33184,1,20
33284,1,32
33384,1,44
33484,1,20
33584,1,36
33684,1,24
33784,1,28
33884,1,28
33984,1,32
34084,1,36
34184,1,36
34284,1,36
34384,1,32
34484,1,24
34588,1,32
34688,1,32
34788,1,36
34892,1,28
34992,1,32
35092,1,32
35192,1,28
35292,1,28
35392,1,28
35492,1,32
35592,1,32
35692,1,20
35792,1,28
35892,1,32
35993,1,24
36096,1,24
36196,1,24
36296,1,32
36396,1,24
36496,1,40
36596,1,40
36696,1,44
36796,1,28
36896,1,24
36996,1,44
37096,1,40
37196,1,24
37296,1,28
37396,1,24
37496,1,20
37596,1,44
37696,1,24
37796,1,12
37896,1,40
38000,1,32
38100,1,44
38200,0,92
38300,0,152
38400,0,204
38500,0,24
38604,0,180
38704,0,184
38804,0,24
38904,0,24
39004,0,28
39104,0,20
39204,0,36
39304,0,24
39404,0,40
39504,0,32
39604,0,24
39704,0,32
39804,0,44
39904,0,32
40004,0,36
40104,0,36
40204,0,20
40304,0,28
40404,0,40
40504,0,284
40604,0,64
40704,0,24
40804,2,40
40904,2,28
41004,2,40
41104,2,36
41204,2,32
41304,2,36
41404,2,48
41504,2,24
41604,2,32
41704,2,32
41804,2,28
41908,2,36
42008,2,28
42108,2,20
42208,2,36
42312,2,24
42412,2,40
42512,2,32
42612,2,28
42712,2,36
42812,2,544
42912,2,116
43012,2,36
43112,2,36
43212,2,32
43312,2,40
43412,2,24
43512,2,28
43612,2,32
43712,2,36
43812,2,36
43912,2,28
44012,2,36
44112,2,28
44212,2,16
44312,2,28
44412,2,24
44512,2,24
44612,2,32
44712,2,36
44812,2,40
44912,2,40
45012,2,16
45112,2,28
45212,2,28
45312,2,44
45412,2,28
45512,2,32
45612,2,44
45712,2,36
45812,2,40
45912,2,24
46016,2,36
46116,2,36
46216,2,32
46316,2,36
46416,2,24
46516,2,72
46616,2,40
46716,2,128
46816,2,96
46916,2,192
47016,2,104
47116,2,72
47216,2,1316
47316,2,1432
47416,2,84
47516,2,40
47620,2,32
47720,2,36
47820,2,36
47920,2,44
48020,2,72
48120,2,28
48220,2,12
48320,2,36
48420,2,24
48520,2,28
48620,2,44
48720,2,24
48820,2,20
48920,2,28
49020,2,24
49120,2,28
49220,2,24
49320,2,28
49420,2,36
49520,2,28
49620,2,16
49724,2,44
49824,2,24
49924,2,28
50024,2,32
50124,2,28
50224,2,32
50324,2,32
50424,2,32
50524,2,40
50624,2,44
50724,2,20
50824,2,20
50924,2,32
51024,2,44
51124,2,28
51224,2,32
51324,2,24
51424,2,28
51528,2,32
51628,2,1092
51728,2,240
51828,2,340
51928,2,52
52028,2,20
52128,2,32
52228,2,28
52328,2,40
52428,2,20
52528,2,24
52628,2,36
52728,2,36
52828,2,24
52928,2,12
53028,2,32
53128,2,20
53228,2,28
53328,2,28
53432,2,24
53532,2,28
53632,2,28
53732,2,24
53832,2,44
53932,2,24
54032,2,24
54132,2,16
54232,2,24
54332,2,48
54432,2,32
54532,2,28
54632,2,28
54732,2,28
54832,2,32
54932,2,28
55032,2,20
55132,2,20
55232,2,32
55332,2,28
55436,2,36
55536,2,20
55636,2,20
55736,2,20
55836,2,36
55936,2,28
56036,2,24
56136,2,24
56236,2,28
56336,2,16
56436,2,28
56536,2,36
56636,2,16
56736,2,24
56836,2,24
56936,2,16
57036,2,28
57140,2,28
57240,2,20
57340,2,32
57440,2,16
57540,2,32
57640,2,20
57740,2,32
57840,2,36
57940,2,20
58040,2,32
58140,2,32
58240,2,24
58340,2,28
58440,2,20
58540,2,24
58640,2,1452
58740,2,384
58840,2,52
58940,2,228
59040,2,32
59140,2,24
59240,2,24
59344,2,24
59444,2,36
59544,2,24
59644,2,32
59744,2,36
59844,2,16
59944,2,16
60044,2,32
60144,2,40
60244,2,32
60344,2,28
60444,2,24
60544,2,24
60644,2,20
60744,2,28
60852,0,192
60952,0,212
61052,0,60
61152,0,204
61252,0,188
61352,0,92
61452,0,192
61552,0,196
61652,0,60
61752,0,16
61852,0,20
61952,0,32
62052,0,24
62152,0,24
62252,0,24
62352,0,24
62452,0,24
62552,0,24
62652,0,32
62752,0,28
62856,0,24
62956,0,36
63056,0,24
63156,0,20
63256,0,28
63356,0,24
63456,0,44
63556,0,264
63656,0,488
63756,3,188
63856,3,200
63956,3,160
64056,3,184
64156,3,160
64256,3,68
64356,3,116
64456,3,128
64556,3,92
64660,3,160
64760,3,92
64860,3,124
64960,3,136
65060,3,740
65160,3,200
65260,3,84
65360,3,120
65460,3,56
65560,3,568
65660,3,104
65760,3,140
65860,3,140
65960,3,68
66060,3,84
66160,3,332
66260,3,272
66360,3,292
66460,3,144
66560,3,172
66660,3,112
66760,3,136
66860,3,920
66960,3,1080
67060,3,1340
67160,3,352
67260,3,104
67360,3,36
67460,3,36
67560,3,32
67660,3,28
67760,3,28
67860,3,36
67960,3,20
68060,3,600
68160,3,68
68260,3,56
68360,3,88
68464,3,112
68564,3,104
68664,3,36
68768,3,100
68868,3,168
68968,3,696
69068,3,192
69168,3,112
69268,3,172
69368,3,184
69468,3,180
69568,3,148
69668,3,92
69768,3,144
69868,3,116
69968,3,100
70068,3,388
70168,3,624
70268,3,372
70368,3,164
70468,3,432
70568,3,660
70672,3,236
70772,3,224
70872,3,120
70972,3,120
71072,3,144
71172,3,160
71272,3,112
71372,3,152
71472,3,2604
71572,3,972
71672,3,1052
71772,3,896
71872,3,344
71972,3,100
72072,3,64
72172,3,32
72272,3,24
72376,3,20
72476,3,32
72576,3,24
72676,3,28
72776,3,44
72876,3,32
72976,3,20
73076,3,20
73176,3,24
73276,3,28
73376,3,36
73476,3,32
73576,3,40
73676,3,24
73776,3,40
73876,3,48
73976,3,56
74076,3,32
74176,3,24
74276,3,52
74376,3,36
74476,3,664
74576,3,628
74680,3,188
74780,3,172
74880,3,276
74980,3,240
75080,3,176
75180,3,244
75280,3,136
75380,3,288
75480,3,88
75580,3,108
75680,3,768
75780,3,176
75880,3,156
75980,3,252
76080,3,356
76184,3,460
76284,3,172
76384,3,172
76484,3,196
76584,3,192
76684,3,140
76784,3,96
76884,3,84
76984,3,84
77084,3,60
77184,3,60
77284,3,52
77384,3,40
77484,3,116
77584,3,116
77684,3,240
77784,3,3456
77884,3,820
77984,3,500
78084,3,184
78184,3,64
78284,3,28
78385,3,24
78488,3,32
78588,3,20
78688,3,20
78788,3,32
78888,3,20
78988,3,24
79088,3,32
79188,3,24
79288,3,28
79388,3,28
79488,3,24
79588,3,12
79688,3,36
79788,3,28
79888,3,24
79992,3,16
80092,3,44
80192,3,280
80292,3,328
80392,3,292
80492,3,208
80592,3,220
80692,3,240
80792,3,128
80892,3,72
80992,3,160
81092,3,56
81192,3,112
81292,3,68
81392,3,80
81492,3,60
81592,3,76
81692,3,80
81792,3,104
81892,3,100
81992,3,68
82092,3,84
82192,3,72
82292,3,68
82393,3,1608
82496,3,1208
82596,3,804
82696,3,608
82796,3,220
82896,3,96
82996,3,56
83096,3,36
83196,3,24
83296,3,16
83396,3,28
83496,3,20
83596,3,20
83696,3,20
83800,0,164
83904,0,196
84004,0,12
84104,0,152
84204,0,176
84304,0,20
84408,0,216
84508,0,196
84608,0,36
84708,0,212
84808,0,208
84908,0,16
85008,0,36
85108,0,52
85208,0,32
85312,0,20
85412,0,28
85512,0,40
85612,0,28
85712,0,56
85812,0,28
85912,0,64
86012,0,24
86112,0,36
86212,0,36
86312,0,44
86412,0,56
86512,0,76
86612,0,32
86712,0,28
86812,0,36
86912,0,44
87012,4,52
87112,4,28
87212,4,48
87316,4,28
87416,4,32
87520,4,36
87620,4,40
87720,4,36
87820,4,28
87920,4,20
88020,4,32
88120,4,24
88220,4,36
88320,4,32
88420,4,36
88520,4,32
88620,4,48
88720,4,44
88824,4,32
88924,4,68
89024,4,64
89124,4,36
89224,4,48
89324,4,36
89424,4,36
89524,4,44
89624,4,24
89724,4,28
89824,4,40
89924,4,28
90024,4,44
90124,4,40
90224,4,24
90324,4,28
90424,4,20
90524,4,24
90624,4,24
90724,4,184
90828,4,40
90928,4,32
91028,4,32
91128,4,32
91232,4,24
91332,4,40
91432,4,24
91532,4,16
91632,4,44
91732,4,12
91832,4,20
91932,4,20
92032,4,24
92132,4,40
92236,4,32
92336,4,20
92436,4,36
92536,4,24
92636,4,44
92736,4,28
92836,4,28
92936,4,32
93036,4,16
93136,4,20
93236,4,20
93336,4,16
93436,4,36
93536,4,28
93636,4,32
93736,4,28
93836,4,24
93936,4,20
94036,4,12
94136,4,52
94240,4,72
94340,4,36
94440,4,40
94540,4,52
94640,4,44
94740,4,20
94840,4,32
94944,4,40
95044,4,32
95144,4,16
95244,4,36
95344,4,40
95444,4,24
95544,4,24
95645,4,36
95748,4,28
95848,4,32
95948,4,44
96048,4,36
96148,4,32
96248,4,36
96348,4,36
96448,4,40
96548,4,40
96648,4,40
96748,4,32
96848,4,48
96948,4,40
97048,4,36
97148,4,32
97248,4,40
97348,4,36
97448,4,40
97548,4,36
97652,4,40
97752,4,20
97852,4,28
97952,4,32
98052,4,20
98152,4,32
98252,4,40
98352,4,32
98452,4,28
98552,4,24
98656,4,44
98756,4,32
98856,4,32
98956,4,36
99056,4,56
99156,4,28
99256,4,28
99356,4,24
99456,4,32
99556,4,28
99656,4,28
99756,4,24
99856,4,64
99956,4,48
100056,4,216
100156,4,184
100256,4,20
100356,4,24
100456,4,36
100556,4,56
100656,4,68
100756,4,120
100856,4,52
100956,4,44
101056,4,20
101156,4,16
101256,4,16
101356,4,28
101460,4,24
101560,4,24
101660,4,20
101760,4,20
101860,4,20
101960,4,24
102060,4,28
102160,4,28
102260,4,36
102360,4,32
102460,4,12
102564,4,28
102664,4,32
102764,4,36
102864,4,36
102964,4,20
103068,4,28
103168,4,16
103268,4,32
103368,4,12
103468,4,44
103568,4,28
103668,4,28
103768,4,24
103868,4,48
103968,4,64
104068,4,68
104168,4,48
104268,4,28
104368,4,44
104468,4,36
104568,4,36
104668,4,24
104768,4,36
104868,4,28
104972,4,28
105072,4,28
105172,4,44
105272,4,48
105372,4,32
105472,4,52
105572,4,36
105672,4,40
105772,4,44
105872,4,76
105972,4,76
106072,4,44
106172,4,56
106272,4,52
106372,4,32
106476,4,32
106576,4,44
106676,4,48
106776,4,48
106876,4,36
106980,0,52
107080,0,100
107180,0,112
107280,0,160
107380,0,132
107480,0,140
107580,0,88
107680,0,76
107780,0,80
107880,0,36
107980,0,24
108080,0,24
108180,0,36
108280,0,28
108384,0,24
108484,0,32
108584,0,32
108684,0,40
108784,0,120
108884,0,164
108984,0,96
109084,0,416
109184,0,100
109284,0,140
109384,0,64
109484,0,20
109584,0,24
109684,0,24
109784,0,16
109884,0,32
109984,0,24
110084,0,36
110184,0,44
110284,0,28
110388,0,32
110488,0,32
110588,0,32
110688,0,36
110788,0,20
110888,0,24
110988,0,24
111088,0,32
111188,0,28
111288,0,28
111388,0,32
111488,0,24
111588,0,36
111688,0,32
111788,0,40
111888,0,24
111988,0,24
112088,0,28
112188,0,28
112288,0,20
112392,0,32
112492,0,20
112592,0,20
112692,0,44
112792,0,32
112892,0,32
112992,0,20
113092,0,36
113192,0,20
113292,0,24
113392,0,32
113492,0,28
113592,0,56
113692,0,36
113792,0,28
113892,0,32
113992,0,32
114092,0,20
114192,0,24
114292,0,24
114396,0,24
114496,0,24
114596,0,20
114696,0,16
114796,0,20
114896,0,12
114996,0,24
115096,0,28
115196,0,36
115296,0,32
115396,0,16
115496,0,24
115596,0,20
115696,0,44
115796,0,24
115896,0,32
115996,0,40
116096,0,36
116196,0,20
116300,0,40
116400,0,20
116500,0,20
116600,0,28
116700,0,20
116800,0,32
116900,0,24
117000,0,28
117100,0,24
117200,0,20
117300,0,24
117400,0,28
117500,0,48
117600,0,32
117700,0,32
117800,0,28
117900,0,32
118000,0,24
118100,0,32
118200,0,24
118304,0,24
118404,0,32
118504,0,36
118604,0,24
118704,0,28
118804,0,28
118904,0,20
119004,0,32
119104,0,32
119204,0,40
119304,0,24
119404,0,36
119504,0,40
119604,0,28
119704,0,28
119804,0,52
119904,0,24
120004,0,28
120104,0,40
120208,0,24
120308,0,28
120408,0,36
120508,0,40
120608,0,24
120708,0,44
120808,0,20
120908,0,32
121008,0,12
121108,0,32
121208,0,16
121308,0,12
121408,0,28
121508,0,32
121608,0,32
121708,0,20
121808,0,24
121908,0,20
122008,0,8
122108,0,40
122212,0,24
122312,0,36
122412,0,28
122512,0,32
122612,0,24
122712,0,28
122812,0,28
122912,0,28
123012,0,16
123112,0,24
123212,0,20
123312,0,24
123412,0,16
123512,0,24
123612,0,24
123712,0,36
123812,0,16
123912,0,28
124012,0,28
124112,0,36
124216,0,20
124316,0,20
124416,0,20
124516,0,20
124616,0,28
124716,0,28
124816,0,28
124916,0,28
125016,0,24
125116,0,24
125216,0,20
125316,0,24
125416,0,16
125516,0,20
125616,0,20
125716,0,20
125816,0,20
125916,0,28
126016,0,20
126120,0,24
126220,0,24
126320,0,28
126420,0,24
126520,0,12
126620,0,24
126720,0,32
126820,0,24
126920,0,24
127020,0,32
127120,0,24
127220,0,32
127320,0,40
127420,0,32
127520,0,144
127620,0,96
127720,0,32
127820,0,40
127920,0,40
128020,0,28
128124,0,40
128224,0,20
128324,0,12
128424,0,32
128524,0,20
128624,0,16
128724,0,32
128824,0,40
128924,0,28
129024,0,36
129124,0,32
129224,0,24
129324,0,16
129424,0,88
129524,0,208
129624,0,176
129724,0,76
129824,0,32
129924,0,52
130028,0,24
130128,0,16
130228,0,48
130328,0,28
130428,0,16
130528,0,32
130628,0,20
130728,0,40
130828,0,36
130928,0,32
131028,0,28
131128,0,36
131228,0,28
131328,0,20
131428,0,28
131528,0,28
131628,0,24
131728,0,36
131828,0,48
131928,0,28
132028,0,28
132132,0,20
132232,0,40
132332,0,28
132432,0,32
132532,0,36
132632,0,32
132732,0,24
132832,0,48
132932,0,20
133032,0,32
133132,0,32
133232,0,44
133332,0,32
133432,0,36
133532,0,48
133632,0,56
133732,0,36
133832,0,20
133936,0,32
134036,0,36
134136,0,28
134236,0,24
134336,0,32
134436,0,32
134536,0,20
134636,0,24
134736,0,12
134836,0,40
134936,0,28
135036,0,40
135136,0,24
135236,0,32
135336,0,16
135436,0,44
135536,0,32
135636,0,36
135736,0,36
135836,0,36
135940,0,28
136040,0,24
136140,0,20
136240,0,28
136340,0,24
136440,0,32
136540,0,28
136640,0,32
136740,0,24
136840,0,28
136940,0,12
137040,0,36
137140,0,20
137240,0,16
137340,0,24
137440,0,28
137540,0,24
137640,0,32
137740,0,24
137840,0,32
137944,0,32
138044,0,24
138144,0,24
138244,0,24
138344,0,24
138444,0,36
138544,0,20
138644,0,20
138744,0,20
138844,0,32
138944,0,12
139044,0,28
139144,0,16
139244,0,32
139344,0,36
139444,0,24
139544,0,16
139644,0,40
139748,0,20
139848,0,20
139948,0,36
140048,0,32
140148,0,32
140248,0,32
140348,0,28
140448,0,32
140548,0,44
140648,0,12
140748,0,40
140848,0,32
140948,0,24
141048,0,32
141148,0,32
141248,0,24
141348,0,40
141448,0,40
141548,0,44
141648,0,24
141748,0,32
141852,0,28
141952,0,32
142052,0,28
142152,0,24
142252,0,28
142352,0,36
142452,0,40
142552,0,32
142652,0,20
142752,0,32
142852,0,16
142952,0,24
143052,0,32
143152,0,24
143252,0,24
143352,0,36
143452,0,28
143556,0,28
143656,0,20
143756,0,24
143856,0,36
143956,0,32
144056,0,52
144156,0,48
144256,0,36
144356,0,8
144456,0,28
144556,0,28
144656,0,24
144756,0,32
