time_ms,p0,scenario,mo_diff
102285,720,1,0
102374,716,1,20
102427,716,1,4
102478,715,1,20
102530,715,1,8
102582,714,1,8
102758,716,1,4
102810,715,1,24
102862,715,1,12
102914,714,1,16
102966,714,1,24
103018,716,1,12
103070,717,1,12
103211,715,1,20
103262,714,1,4
103358,716,1,16
103410,715,1,12
103462,714,1,8
103602,715,1,24
103655,716,1,16
103706,716,1,16
103758,716,1,8
103810,715,1,8
103862,713,1,16
104002,716,1,8
104054,716,1,16
104106,716,1,16
104158,716,1,16
104210,714,1,20
104262,715,1,12
104317,714,1,12
104526,715,1,28
104578,714,1,32
104718,715,1,12
104770,715,1,16
104823,717,1,12
104874,717,1,20
105094,715,1,20
105146,714,1,12
105198,714,1,8
105250,714,1,8
105302,715,1,20
105354,716,1,20
105406,716,1,24
105698,714,1,28
105750,714,1,12
105802,714,1,8
105958,716,1,8
106030,715,1,0
106082,714,1,8
106134,714,1,12
106186,715,1,8
106238,716,1,16
106290,717,1,24
106342,716,1,12
106394,716,1,16
106446,715,1,8
106498,714,1,20
106550,714,1,24
106602,714,1,8
106847,715,1,24
106902,715,1,20
107042,716,1,16
107182,714,1,8
107474,716,1,16
107526,716,1,16
107666,714,1,12
107718,714,1,4
107770,715,1,16
107823,715,1,12
107874,716,1,20
107926,716,1,12
107978,715,1,8
108118,714,1,8
108170,715,1,12
108222,715,1,12
108274,716,1,12
108414,714,1,12
108467,714,1,12
108518,715,1,24
108702,714,1,20
108842,716,1,16
108894,716,1,8
108946,716,1,16
109086,714,1,12
109226,716,1,24
109278,715,1,4
109330,715,1,20
109382,714,1,16
109434,714,1,32
109486,714,1,16
109538,715,1,4
109789,714,1,12
109842,716,1,24
109894,716,1,20
109946,716,1,4
110042,716,1,8
110094,716,1,8
110146,716,1,0
110370,714,1,8
110510,716,1,16
110562,715,1,20
110614,716,1,28
110754,714,1,28
110806,715,1,12
110858,716,1,16
110910,717,1,16
111050,715,1,24
111102,714,1,16
111154,714,1,8
111294,716,1,20
111347,716,1,12
111538,714,1,4
111810,716,1,20
111862,717,1,20
111914,716,1,12
111966,716,1,12
112018,715,1,16
112070,714,1,4
112123,715,1,20
112174,716,1,16
112314,716,1,8
112454,715,1,16
112510,715,1,12
112562,716,1,12
112746,716,1,8
112798,716,1,20
112938,714,1,12
112990,715,1,12
113462,716,1,16
113602,715,1,24
113654,715,1,12
113706,714,1,4
113934,715,1,20
114074,715,1,32
114126,715,1,28
114178,715,1,20
114230,716,1,16
114282,716,1,20
114335,715,1,20
114387,715,1,12
114538,714,1,24
114678,715,1,8
114819,715,1,12
114871,715,1,16
115234,716,1,20
115286,716,1,12
115338,715,1,12
115390,714,1,16
115442,715,1,20
115494,715,1,16
115546,716,1,12
115598,716,1,20
115650,717,1,28
115793,714,1,8
115846,715,1,12
115898,716,1,12
116038,715,1,20
116090,714,1,8
116142,714,1,32
116194,715,1,24
116290,714,1,12
116430,716,1,8
116482,716,1,12
116622,715,1,16
116674,714,1,12
116726,714,1,16
116914,715,1,4
116966,715,1,4
117106,715,1,16
117158,714,1,16
117210,715,1,16
117262,714,1,20
117498,715,1,20
117638,716,1,24
117690,715,1,8
117742,714,1,8
117810,714,1,12
117883,715,1,12
117934,715,1,8
118082,715,1,12
118134,716,1,16
118186,716,1,20
118238,716,1,12
118290,715,1,8
118346,714,1,12
118398,715,1,8
118450,715,1,28
118502,716,1,24
118555,715,1,20
118606,715,1,16
118658,715,1,12
118710,714,1,16
118762,714,1,20
119062,714,1,8
119114,714,1,8
119290,716,1,16
119342,713,1,16
119394,714,1,12
119446,713,1,8
119586,716,1,16
119638,716,1,20
119690,716,1,16
119743,715,1,20
119794,715,1,8
119846,714,1,4
119986,716,1,20
120038,716,1,16
120090,716,1,16
120142,716,1,16
120482,714,1,8
120534,715,1,8
120586,715,1,12
120726,715,1,12
120778,715,1,12
120830,715,1,8
120886,714,1,16
121042,716,1,20
121094,715,1,16
121146,715,1,20
121198,714,1,8
121250,715,1,12
121302,715,1,28
121354,715,1,20
121406,715,1,4
121458,716,1,16
121662,715,1,12
121714,714,1,12
121766,714,1,8
121818,714,1,8
121959,716,1,8
122010,716,1,20
122062,715,1,16
122114,715,1,8
122254,715,1,4
122394,716,1,8
122446,715,1,16
122498,715,1,12
122550,715,1,12
122603,715,1,12
122654,715,1,16
122794,716,1,16
122934,715,1,16
123030,715,1,8
123082,714,1,24
123134,714,1,24
123187,714,1,12
123242,715,1,16
123382,715,1,24
123434,714,1,16
123486,714,1,20
123538,714,1,8
123678,716,1,4
123818,714,1,16
123962,716,1,16
124014,716,1,16
124066,714,1,20
124118,714,1,20
124170,713,1,16
124566,715,1,16
124618,714,1,16
124670,714,1,12
124722,714,1,8
124862,716,1,16
124914,716,1,4
124966,716,1,16
125019,715,1,12
125070,714,1,16
125122,715,1,20
125174,715,1,8
125226,715,1,20
125279,716,1,12
125418,715,1,12
125470,714,1,20
125522,714,1,24
125754,714,1,20
125806,714,1,12
125858,714,1,8
125914,716,1,24
125966,715,1,16
126018,715,1,16
126158,714,1,20
126339,714,1,4
126390,714,1,20
126442,714,1,24
126494,714,1,8
126546,715,1,4
126686,715,1,12
126738,714,1,32
126791,714,1,12
126842,714,1,12
127026,714,1,8
127078,715,1,24
127218,716,1,4
127358,714,1,24
127498,715,1,20
127550,715,1,4
127690,714,1,12
127742,714,1,32
127794,715,1,20
127846,715,1,28
128090,714,1,28
128142,713,1,12
128194,714,1,8
128334,715,1,20
128386,715,1,0
128438,715,1,12
128694,715,1,24
128878,714,1,12
128934,714,1,4
128986,715,1,28
129278,714,1,28
137982,715,2,28
138034,715,2,48
138086,715,2,48
138138,715,2,28
138278,714,2,20
138333,715,2,12
138386,715,2,4
138438,715,2,16
138578,714,2,20
138631,715,2,16
138682,714,2,16
138822,715,2,24
139034,715,2,24
139086,715,2,16
139138,715,2,16
139366,714,2,16
139418,715,2,16
139470,715,2,12
139522,715,2,16
139574,715,2,24
139714,714,2,48
139766,714,2,28
139819,715,2,8
139870,715,2,0
139922,715,2,16
139974,715,2,12
140026,715,2,16
140078,714,2,24
140262,714,2,20
140314,713,2,8
140366,714,2,12
140418,715,2,8
140470,716,2,8
140522,716,2,16
140574,716,2,12
140714,714,2,8
140769,715,2,0
140910,714,2,16
140962,714,2,16
141014,714,2,16
141066,714,2,12
141118,714,2,24
141170,715,2,28
141222,715,2,36
141318,714,2,12
141370,714,2,24
141422,715,2,28
141474,715,2,24
141526,715,2,12
141578,714,2,12
141631,714,2,12
141682,713,2,16
141734,713,2,20
141786,714,2,20
141838,715,2,16
141891,715,2,20
141942,716,2,16
141994,715,2,20
142046,714,2,12
142098,713,2,12
142382,713,2,12
142434,713,2,16
142486,714,2,8
142626,715,2,0
142678,715,2,12
142730,713,2,8
142782,713,2,16
142953,713,2,16
143006,715,2,16
143146,714,2,12
143198,714,2,24
143250,714,2,8
143514,714,2,16
143566,714,2,20
143619,714,2,8
143758,715,2,20
143854,714,2,12
143927,716,2,8
144098,715,2,24
144238,714,2,24
144290,714,2,12
144342,715,2,20
144394,715,2,12
144446,715,2,16
144498,715,2,8
144551,715,2,16
144602,714,2,16
144654,713,2,12
144706,714,2,8
144758,715,2,24
144810,715,2,12
144863,715,2,16
145002,713,2,12
145098,715,2,20
145150,715,2,28
145202,714,2,20
145254,714,2,12
145394,715,2,12
145538,714,2,16
145590,715,2,16
145642,715,2,4
145694,715,2,24
145746,716,2,24
145798,715,2,4
145850,714,2,4
145902,714,2,12
145954,714,2,12
146006,714,2,8
146058,714,2,24
146154,713,2,24
146294,716,2,8
146346,715,2,16
146398,715,2,16
146450,715,2,12
146502,714,2,8
146554,713,2,16
146606,714,2,20
146746,715,2,16
146798,716,2,12
147038,714,2,268
147090,714,2,288
147230,715,2,28
147282,715,2,8
147334,714,2,8
147386,714,2,12
147482,715,2,12
147642,714,2,20
147694,715,2,8
147746,715,2,24
147802,715,2,24
147854,714,2,16
147998,715,2,16
148050,715,2,12
148102,714,2,20
148246,715,2,12
148298,715,2,16
148438,714,2,32
148490,714,2,24
148630,716,2,12
148682,716,2,16
148850,715,2,20
149454,714,2,8
149594,714,2,12
149646,715,2,8
149698,715,2,8
149750,715,2,4
149802,716,2,4
149854,715,2,24
150038,716,2,20
150090,714,2,20
150142,713,2,8
150282,715,2,20
150334,716,2,24
150386,715,2,24
150438,715,2,16
150491,714,2,4
150542,713,2,0
150594,713,2,20
150778,714,2,16
150830,714,2,20
150885,715,2,20
151026,713,2,0
151078,714,2,20
151130,714,2,20
151182,715,2,16
151234,715,2,20
151374,714,2,16
151426,714,2,16
151478,713,2,16
151619,716,2,24
151670,715,2,8
151722,715,2,12
151862,713,2,12
152002,716,2,8
152186,715,2,12
152238,715,2,12
152290,715,2,16
152434,714,2,8
152486,715,2,8
152538,715,2,8
152678,713,2,20
152730,714,2,28
152782,714,2,28
153019,715,2,40
153070,715,2,36
153210,714,2,16
153350,714,2,16
153402,715,2,12
153454,715,2,4
153506,715,2,8
153602,715,2,16
153746,714,2,20
153798,713,2,28
153850,714,2,20
153902,715,2,28
153954,715,2,12
154006,715,2,24
154058,715,2,24
154226,714,2,24
154278,714,2,12
154418,715,2,16
154470,715,2,12
154522,715,2,20
154574,715,2,4
154626,714,2,12
154766,714,2,12
155174,716,2,12
155226,715,2,16
155454,715,2,4
155506,715,2,16
155646,714,2,16
155787,715,2,8
155838,715,2,12
155890,715,2,24
156078,715,2,12
156130,714,2,12
156182,714,2,16
156234,714,2,16
156374,716,2,12
156426,715,2,12
156478,715,2,16
156662,715,2,12
156761,716,2,24
156814,714,2,28
156867,713,2,12
156918,714,2,12
157058,715,2,28
157110,715,2,12
157266,713,2,20
157318,714,2,28
157370,714,2,24
157510,715,2,16
157562,714,2,12
157702,714,2,20
157754,714,2,16
157894,715,2,16
157946,715,2,12
157998,713,2,4
158182,714,2,40
158234,714,2,76
158286,713,2,44
158338,714,2,12
158390,714,2,24
158530,715,2,24
158582,714,2,20
158634,713,2,20
158774,715,2,40
158827,716,2,36
159058,714,2,32
159110,715,2,12
159250,714,2,16
159391,715,2,16
159531,715,2,8
159674,715,2,16
159858,714,2,20
159910,715,2,16
159962,715,2,4
160014,715,2,24
160266,715,2,16
160318,714,2,12
160458,714,2,8
160599,717,2,8
160890,714,2,16
161030,715,2,16
161083,715,2,20
161134,715,2,8
161274,714,2,16
161326,715,2,12
161378,715,2,16
161518,714,2,20
161659,715,2,12
161974,714,2,16
162026,714,2,12
162078,715,2,28
162130,716,2,48
162182,715,2,136
162235,715,2,60
162286,714,2,68
162426,714,2,8
162478,715,2,20
162531,716,2,16
162582,715,2,12
162722,714,2,24
162862,715,2,12
162917,715,2,40
162970,714,2,28
163022,714,2,124
163118,715,2,112
168010,714,3,56
168062,714,3,32
168114,714,3,68
168166,715,3,72
168218,715,3,28
168270,715,3,92
168322,715,3,92
168374,715,3,240
168426,714,3,108
168479,714,3,160
168530,714,3,84
168582,714,3,292
168634,715,3,276
168689,715,3,116
168786,715,3,112
168838,715,3,268
168890,714,3,196
169166,714,3,228
169218,714,3,20
169270,715,3,28
169410,715,3,48
169462,714,3,16
169514,714,3,16
169566,715,3,56
169770,715,3,96
169822,715,3,20
169874,715,3,32
169926,714,3,48
169978,715,3,48
170118,714,3,64
170378,715,3,172
170430,714,3,92
170482,715,3,68
170534,714,3,140
170586,713,3,148
170638,715,3,56
170691,715,3,116
170742,715,3,132
170794,715,3,256
170846,714,3,216
170898,714,3,152
170950,714,3,60
171002,714,3,128
171054,714,3,28
171110,715,3,80
171234,714,3,96
171374,715,3,44
171426,715,3,44
171478,714,3,64
171530,714,3,44
171582,713,3,44
171634,714,3,48
171686,714,3,36
171738,715,3,36
171790,716,3,16
171843,716,3,16
171894,715,3,12
171946,713,3,64
171998,713,3,64
172050,713,3,92
172190,715,3,84
172374,715,3,64
172426,715,3,8
172478,715,3,12
172690,716,3,20
172742,715,3,12
172794,715,3,32
172934,714,3,16
172986,716,3,4
173038,715,3,8
173090,716,3,4
173143,716,3,28
173194,714,3,40
173334,714,3,12
173386,714,3,4
173441,715,3,20
173494,715,3,12
173546,714,3,12
173730,714,3,28
173878,715,3,20
174018,714,3,8
174070,715,3,0
174122,715,3,8
174174,715,3,24
174314,714,3,100
174482,714,3,312
174534,714,3,144
174674,715,3,404
174815,715,3,188
174866,714,3,48
174918,714,3,56
175066,714,3,40
175118,714,3,84
175170,714,3,24
175266,714,3,92
175318,714,3,20
175370,715,3,40
175670,714,3,68
175722,715,3,24
175774,715,3,32
175826,715,3,24
175878,715,3,16
175930,715,3,8
175982,715,3,40
176034,715,3,48
176086,714,3,56
176142,715,3,8
176194,715,3,24
176246,714,3,24
176298,714,3,32
176614,714,3,96
176667,715,3,28
176718,714,3,64
176770,714,3,28
176822,714,3,24
176874,715,3,24
176926,715,3,12
176978,716,3,16
177119,713,3,40
177258,715,3,332
177310,716,3,336
177362,715,3,36
177414,715,3,52
177466,714,3,40
177518,714,3,4
177570,714,3,88
177666,714,3,100
177718,714,3,12
177986,714,3,16
178038,714,3,8
178090,715,3,8
178230,715,3,0
178282,714,3,8
178334,714,3,16
178570,713,3,20
178622,714,3,16
178762,716,3,16
178818,715,3,28
178870,713,3,12
178923,715,3,16
178974,715,3,8
179026,716,3,20
179122,714,3,20
179174,715,3,4
179314,715,3,32
179366,715,3,16
179507,715,3,20
179558,715,3,16
179758,714,3,4
179810,715,3,20
179862,715,3,32
180002,714,3,28
180142,715,3,12
180362,716,3,96
180414,715,3,136
180466,714,3,20
180518,713,3,64
180658,715,3,152
180982,715,3,388
181034,714,3,76
181086,714,3,124
181138,714,3,80
181190,714,3,104
181243,714,3,32
181294,715,3,72
181530,715,3,80
181582,714,3,4
181635,714,3,16
181689,714,3,28
181742,714,3,84
181883,715,3,64
182114,714,3,92
182254,714,3,52
182395,715,3,112
182518,715,3,48
182678,715,3,48
182730,715,3,36
182870,714,3,16
183010,715,3,28
183150,714,3,44
183202,714,3,8
183254,714,3,28
183306,714,3,16
183358,714,3,40
183410,715,3,44
183550,715,3,28
183866,715,3,56
184006,713,3,40
184146,714,3,4
184198,715,3,12
184454,713,3,12
184506,713,3,20
184558,714,3,16
184610,714,3,12
184750,715,3,16
184803,714,3,4
184854,713,3,12
185014,715,3,8
185066,715,3,16
185210,714,3,316
185262,715,3,468
185314,716,3,468
185367,715,3,384
185418,715,3,96
185470,714,3,360
185522,714,3,200
185706,714,3,372
185759,714,3,36
185810,714,3,128
185862,714,3,52
185914,714,3,172
185966,714,3,108
186018,714,3,140
186202,714,3,100
186342,714,3,96
186394,714,3,48
186446,715,3,32
186498,714,3,52
186550,715,3,68
186602,714,3,128
186654,714,3,52
186750,714,3,176
186802,714,3,176
186854,714,3,40
186906,714,3,44
186958,713,3,88
187098,715,3,176
187150,714,3,76
187350,715,3,28
187405,715,3,36
187458,714,3,20
187510,713,3,24
187562,715,3,72
187614,715,3,44
187666,713,3,104
187718,715,3,124
187770,715,3,60
188110,713,3,60
188162,714,3,8
188214,715,3,28
188354,714,3,20
188407,714,3,24
188458,713,3,12
188510,714,3,20
188562,714,3,8
188702,715,3,24
188754,714,3,12
188806,713,3,8
188858,713,3,16
188910,714,3,12
188962,714,3,8
189014,715,3,20
189066,715,3,20
189162,713,3,24
189215,715,3,20
189354,714,3,12
189494,714,3,12
189546,714,3,20
189598,715,3,28
189738,714,3,24
189882,713,3,12
189934,715,3,12
189986,715,3,12
190038,715,3,16
190090,714,3,4
190142,713,3,12
190194,714,3,16
190246,714,3,12
190298,714,3,24
190570,715,3,36
190710,713,3,4
190766,715,3,12
190818,715,3,16
190870,715,3,8
190922,715,3,8
190974,714,3,4
191026,713,3,8
191078,714,3,28
191130,714,3,32
191182,715,3,28
191234,715,3,8
191286,715,3,20
191338,714,3,24
191390,714,3,24
191530,714,3,8
191582,715,3,20
191766,715,3,32
191818,715,3,24
191870,716,3,20
192102,715,3,12
192242,714,3,16
192386,715,3,12
192438,715,3,20
192490,716,3,12
192542,714,3,24
192594,713,3,20
192646,713,3,20
192698,714,3,16
192838,714,3,12
192890,714,3,4
192942,713,3,20
192994,713,3,28
193422,714,3,32
193562,713,3,20
193874,714,3,16
193926,714,3,24
193978,714,3,16
194030,713,3,28
194170,714,3,28
194222,714,3,16
194274,714,3,16
